Test_Loss,Train_Loss
0.14589116473992667,0.17285007871209812
0.13406618436177573,0.1243281069999704
0.13835477580626807,0.1196761229672493
0.1403402735789617,0.11552348761604382
0.12557148933410645,0.11404733875623116
0.12359971056381862,0.11312011409646426
0.12209733823935191,0.11209249283927374
0.11874069521824519,0.10908143310688245
0.10637140770753224,0.10240770926555762
0.10226173202196757,0.09700098953759059
0.0892714187502861,0.08959470245127495
0.08801654477914174,0.08290011001129945
0.08309952914714813,0.0806989315419625
0.08179229994614919,0.07743233549766816
0.0791775609056155,0.07670638428475612
0.07810095200936,0.07528158014592452
0.07528292139371236,0.07403280603914307
0.07484955092271169,0.07278315026838428
0.0805782675743103,0.07251249243003818
0.07148920744657516,0.07367358804465486
0.07396752387285233,0.07101991838321854
0.07305692136287689,0.07117395827737756
0.07391780863205592,0.06956923785261236
0.0719894344607989,0.06943537393966928
0.07111610968907674,0.06955778687141645
0.06791477898756663,0.06794267035543154
0.06411039580901463,0.06731990284214799
0.0663486048579216,0.06496583222626494
0.06702479844292004,0.06388460718190823
0.061656357099612556,0.06277544816764884
0.06456266716122627,0.06194936837523411
0.059854031850894295,0.06122195718284601
0.0688617005944252,0.06071959804886809
0.06459127366542816,0.06060889253440576
0.0578358918428421,0.05986367287830664
0.16188537081082663,0.06008136292728476
0.06431221837798755,0.05956663891004446
0.05910612766941389,0.05922187715530013
0.05718215306599935,0.058992816445728145
0.06283432990312576,0.05907332384958863
0.059828841437896095,0.05936125331582167
0.05762563149134318,0.05860290225022114
0.06278779730200768,0.05779579439415382
0.058932267129421234,0.056817442847368047
0.05783390502134959,0.05693685670550435
0.0555505578716596,0.05706483612839992
0.056207080682118736,0.056874073623942256
0.058742345621188484,0.056507535254917085
0.05620072657863299,0.056692001362068534
0.0545338566104571,0.056269815227446646
0.055943578481674194,0.055660331526245825
0.05624291424949964,0.056009874595567964
0.06263724714517593,0.055619391720168866
0.05641502390305201,0.055994702968746424
0.056940481066703796,0.05717996406392791
0.056539672116438545,0.055993856432346195
0.05441733077168465,0.05528366368693801
0.053406005104382835,0.05531228802954921
0.06183848033348719,0.05552541183976409
0.05648093670606613,0.05490070988591283
0.054496279607216515,0.05441028178215791
0.05717834581931432,0.05419032508507371
0.06040887037913004,0.054791798994231686
0.0552527147034804,0.05439341240204298
0.053656009336312614,0.0540747318822795
0.05445740992824236,0.0543451683404736
0.053683736672004066,0.0538923698835648
0.05841529741883278,0.05365165842410464
0.052669535080591835,0.05385673079544153
0.05317322909832001,0.05322612662059374
0.05417792499065399,0.05369487505119581
0.10787401596705119,0.05308949129464917
0.05359782402714094,0.05344640852835698
0.05344694728652636,0.05355880883498452
0.0519553671280543,0.05332762092495194
0.05114100128412247,0.05260651553861606
0.057768646627664566,0.05240750114600628
0.05124471336603165,0.053187191808739535
0.053796706100304924,0.05233047470354881
0.05376499022046725,0.0525610066162279
0.06287173802653949,0.058513353913067244
0.06071606154243151,0.056809006294665426
0.06342275564869244,0.05381648361873932
0.05883312846223513,0.05303703726102144
0.058882606526215873,0.052418750746605486
0.05820328245560328,0.05208620075614025
0.0554962120950222,0.052365450164637506
0.05444441611568133,0.052358347862863384
0.05211277926961581,0.05217396447626062
0.05240672826766968,0.051637824481496446
0.0523760678867499,0.05169273333815046
0.054240237921476364,0.05157262640885818
0.05628023172418276,0.05165087865092433
0.052174518505732216,0.0510840007963662
0.05335523063937823,0.05138364557224589
0.053699557979901634,0.051079760699604564
0.050373535603284836,0.05110173970938493
0.04972761124372482,0.050949471357923284
0.05237889910737673,0.05118278022377919
0.05312627802292506,0.05075203419591372
0.049674088756243386,0.05133574709105186
0.05603532244761785,0.050971018054928534
0.05407653748989105,0.05089074735028239
0.06019841134548187,0.05075559596746014
0.05665190021197001,0.051286838650225826
0.05439873784780502,0.05058721082810408
0.05103776231408119,0.05029464034268107
0.052034219106038414,0.05067990778778226
0.06288666526476543,0.05015361377109702
0.06657120088736217,0.04995359809925923
0.06490316862861316,0.04991601488720148
0.0584468220671018,0.05028119208052372
0.06467857832709949,0.050526808648823925
0.0635925034681956,0.04961921360630255
0.05796352277199427,0.050134872360966906
0.04938408980766932,0.05104481766764552
0.05801961446801821,0.05016625908991465
0.049979557593663536,0.04982824297621846
0.04945489019155502,0.04986183465912174
0.054033772399028145,0.0496824447495433
0.05237163106600443,0.049505132190787636
0.04862264171242714,0.04978998029270233
0.056239294509092964,0.04908375053976973
0.04970161865154902,0.04964060711268431
0.0496124637623628,0.04914273587891307
0.049540827671686806,0.04955742064003761
0.05024245133002599,0.049204813125423894
0.04976889739433924,0.04972311672873986
0.050564722468455635,0.049449731213733174
0.05586719885468483,0.05442503323921791
0.05475951234499613,0.05331059153645466
0.05466302980979284,0.05168818321843178
0.05555988848209381,0.05037473840638995
0.04983095700542132,0.05000325041608168
0.05151556928952535,0.04960515624724138
0.05371656517187754,0.049570003333382115
0.05003639062245687,0.04923812581751591
0.04905970022082329,0.04932468134957629
0.049003141621748604,0.04937519589200234
0.05088443184892336,0.04899792196467901
0.050994658221801124,0.048896355100740224
0.04914147282640139,0.04863568689101017
0.050251265366872154,0.048754412621164166
0.050594136118888855,0.04893272829791292
0.051373290518919625,0.04876088353399283
0.04859716445207596,0.04860354934890683
0.05145537729064623,0.048520717316139966
0.052335393925507866,0.04863414235222034
0.04954036076863607,0.04873856393477091
0.04789103319247564,0.04832345575619584
0.04875332241257032,0.04850870923688396
0.0478804719944795,0.04822969646790089
0.04793062557776769,0.04847646021069242
0.04942000533143679,0.04832548143055577
0.04637583717703819,0.04840251976528611
0.04792307938138644,0.04841247880353759
0.046718891710042953,0.048200595467231974
0.04785187045733134,0.04792258217453192
0.04704758897423744,0.048322143307767615
0.04851768414179484,0.04796421432342285
0.04857353245218595,0.04805715397621194
0.04796678821245829,0.048072878939983174
0.04608313242594401,0.04789801118656611
0.04767230525612831,0.04801067013818866
0.04781960820158323,0.047974487157681815
0.04601286103328069,0.04848068925098349
0.04594301308194796,0.04806510772173985
0.04801806559165319,0.04751090663604629
0.04770678157607714,0.047915077851846434
0.04709146295984586,0.047818860122695185
0.04862634465098381,0.04790875940129925
0.0491129532456398,0.04807671627555138
0.04742796594897906,0.047690848963191874
0.04663644482692083,0.04773293452289624
0.04682400325934092,0.04757895407816156
0.04738264282544454,0.04725631622549815
0.047096382826566696,0.04749496478157548
0.047257243345181145,0.04757295904728847
0.046983676652113594,0.047717740245832085
0.048821382224559784,0.04749781581071707
0.0484208899239699,0.04765841776791673
0.04774861286083857,0.04738069227777231
0.049909558147192,0.047176484388705246
0.04708928863207499,0.047388292861003906
0.04685656353831291,0.04794567320734645
0.04646561046441396,0.04750115073357637
0.04731201628843943,0.04742837073997809
0.0462119293709596,0.047435521482466124
0.04897447923819224,0.04744102998087422
0.04754829406738281,0.0471929494673625
0.04670144245028496,0.0473130668919438
0.046964174757401146,0.04718196286987036
0.04746009533603986,0.04730913371373063
0.04724476238091787,0.04705164471688943
0.045812113831440605,0.047407217777501315
0.045661844313144684,0.04735675210563036
0.04655322184165319,0.04708055347108688
0.04620858778556188,0.04732518625230743
0.04543167849381765,0.04703639236350472
0.045528157303730644,0.04679414783962644
0.0451501818994681,0.04717396401489774
0.045241362104813256,0.0471228155044791
0.0450886699060599,0.04709347718371413
0.044947090248266854,0.04718049748155933
0.0448058620095253,0.04726917599924864
0.04551314935088158,0.046878940282532804
0.04496997967362404,0.046913106221323594
0.04497592772046725,0.047024743273281135
0.044872213155031204,0.04667644096442904
0.0448183019955953,0.04709469965205361
0.044744595885276794,0.046788672594210275
0.04515042652686437,0.04651010302731242
0.044811281065146126,0.04668653196392533
0.04503098875284195,0.046747421917433925
0.0451380138595899,0.046824529277495086
0.04481631765762965,0.046781372517729417
0.04495034987727801,0.04692725462313646
0.045303117483854294,0.046789062257187486
0.04488565648595492,0.0470004029189929
0.04519198462367058,0.04657424508761137
0.04492191970348358,0.0467472576464598
0.04519011080265045,0.04657809106776348
0.044971982638041176,0.04676681448920415
0.04480433960755666,0.04674081294200359
0.04492629567782084,0.046554210142065316
0.04474514971176783,0.04667499415480938
0.04494412491718928,0.04659057545881623
0.044942691922187805,0.046729303585986294
0.044910853107770286,0.04648786883514661
0.045082555462916694,0.04668555517370502
0.04464457184076309,0.04641914563492323
0.04480257381995519,0.046789873570490345
0.044757926215728126,0.04622389426311621
0.04497159272432327,0.04658991166462119
0.04492409403125445,0.0464861962156227
0.04488505547245344,0.04640433540902077
0.04482309768597285,0.04661424343402569
0.044950914879639946,0.04682251759685385
0.04509055862824122,0.0467451358309541
0.04467680181066195,0.04659402827756145
0.04491825277606646,0.046913478726473376
0.04494548092285792,0.046433806407432526
0.044780618200699486,0.04657307708970247
0.04497102275490761,0.046349974002880164
0.04469124972820282,0.04654194276111248
0.04484758029381434,0.04644519150352631
0.044940112779537834,0.04651373023023972
0.04501207669576009,0.04653021124884104
0.04472289482752482,0.04643025041486208
0.04485954840977987,0.04680298212676858
